INSERT INTO autoriai (id, vardas) VALUES
(1, 'Kristina Sabaliauskaitė'),
(2, 'Ričardas Gavelis'),
(3, 'Jurgis Kunčinas'),
(4, 'Balys Sruoga'),
(5, 'Vincas Mykolaitis-Putinas'),
(6, 'Jurga Ivanauskaitė'),
(7, 'Juozas Baltušis'),
(8, 'Antanas Škėma'),
(9, 'Marius Ivaškevičius'),
(10, 'Gintaras Grajauskas'),
(11, 'Alvydas Šlepikas'),
(12, 'Undinė Radzevičiūtė'),
(13, 'Sigitas Parulskis'),
(14, 'Tomas Venclova'),
(15, 'Romualdas Granauskas'),
(16, 'Andrius Tapinas'),
(17, 'Rimantas Kmita'),
(18, 'Dalia Grinkevičiūtė'),
(19, 'Jonas Biliūnas'),
(20, 'Antanas Vienuolis');

INSERT INTO knygos (id, pavadinimas, autoriai, virselio_adresas, aprasymas, zanrai, metai, leidejas, puslapiu_skaicius, formato_informacija, kalba, kaina)
VALUES
(1, 'Silva Rerum', 'Kristina Sabaliauskaitė', '/images/silva_rerum.jpg', '', 'istorinis, romanas', 2008, 'Baltos lankos', 400, 'kietas viršelis', 'lietuvių', 19.50),
(2, 'Vilniaus pokeris', 'Ričardas Gavelis', '/images/vilniaus_pokeris.jpg', '', 'romanas, psichologinis', 1989, 'Vaga', 500, 'minkštas viršelis', 'lietuvių', 14.20),
(3, 'Tūla', 'Jurgis Kunčinas', '/images/tula.jpg', '', 'romanas, meilės', 1993, 'Tyto alba', 200, 'minkštas viršelis', 'lietuvių', 11.00),
(4, 'Dievų miškas', 'Balys Sruoga', '/images/dievu_miskas.jpg', '', 'atsiminimai, istorinis', 1945, 'Vaga', 300, 'kietas viršelis', 'lietuvių', 12.80),
(5, 'Altorių šešėly', 'Vincas Mykolaitis-Putinas', '/images/altoriu_sesely.jpg', '', 'romanas, psichologinis', 1933, 'Sakalas', 350, 'kietas viršelis', 'lietuvių', 15.99),
(6, 'Ragana ir lietus', 'Jurga Ivanauskaitė', '/images/ragana_lietus.jpg', '', 'romanas', 1993, 'Vaga', 280, 'minkštas viršelis', 'lietuvių', 10.50),
(7, 'Parduotos vasaros', 'Juozas Baltušis', '/images/parduotos_vasaros.jpg', '', 'romanas', 1965, 'Vaga', 220, 'minkštas viršelis', 'lietuvių', 8.90),
(8, 'Balta drobulė', 'Antanas Škėma', '/images/balta_drobule.jpg', '', 'romanas, modernizmas', 1958, 'Vaga', 260, 'kietas viršelis', 'lietuvių', 13.40),
(9, 'Žali', 'Marius Ivaškevičius', '/images/zali.jpg', '', 'istorinis, romanas', 2002, 'LRS leidykla', 450, 'kietas viršelis', 'lietuvių', 16.70),
(10, 'Kaulinė dūdelė', 'Gintaras Grajauskas', '/images/kauline.jpg', '', 'poezija', 1999, 'LRS leidykla', 110, 'minkštas viršelis', 'lietuvių', 7.50),
(11, 'Mano vardas – Marytė', 'Alvydas Šlepikas', '/images/maryte.jpg', '', 'istorinis, romanas', 2011, 'LRS leidykla', 180, 'minkštas viršelis', 'lietuvių', 11.30),
(12, 'Baden Badeno nebus', 'Undinė Radzevičiūtė', '/images/baden.jpg', '', 'romanas', 2011, 'Baltos lankos', 150, 'minkštas viršelis', 'lietuvių', 12.00),
(13, 'Trys sekundės dangaus', 'Sigitas Parulskis', '/images/trys_sekundes.jpg', '', 'romanas', 2002, 'Baltos lankos', 250, 'kietas viršelis', 'lietuvių', 14.50),
(14, 'Vilkų valanda', 'Andrius Tapinas', '/images/vilku_valanda.jpg', '', 'fantastika', 2013, 'Alma littera', 500, 'kietas viršelis', 'lietuvių', 18.99),
(15, 'Pietinia kronikas', 'Rimantas Kmita', '/images/pietinia.jpg', '', 'romanas', 2016, 'Tyto alba', 370, 'minkštas viršelis', 'lietuvių', 13.80),
(16, 'Lietuviai prie Laptevų jūros', 'Dalia Grinkevičiūtė', '/images/laptevu_jura.jpg', '', 'atsiminimai', 1988, 'LRS leidykla', 210, 'minkštas viršelis', 'lietuvių', 9.99),
(17, 'Gyvenimas po klevu', 'Romualdas Granauskas', '/images/po_klevu.jpg', '', 'apysaka', 1988, 'Vaga', 130, 'minkštas viršelis', 'lietuvių', 6.40),
(18, 'Liūdna pasaka', 'Jonas Biliūnas', '/images/liudna_pasaka.jpg', '', 'klasika', 1907, 'Vaga', 90, 'minkštas viršelis', 'lietuvių', 5.50),
(19, 'Puodžiūnkiemis', 'Antanas Vienuolis', '/images/puodziunkiemis.jpg', '', 'romanas', 1952, 'Vaga', 320, 'kietas viršelis', 'lietuvių', 10.20),
(20, 'Silva Rerum II', 'Kristina Sabaliauskaitė', '/images/silva_2.jpg', '', 'istorinis', 2011, 'Baltos lankos', 350, 'kietas viršelis', 'lietuvių', 21.00),
(21, 'Madagaskaras', 'Marius Ivaškevičius', '/images/madagaskaras.jpg', '', 'pjesė', 2004, 'Tyto alba', 160, 'minkštas viršelis', 'lietuvių', 9.20),
(22, 'Žuvys ir drakonai', 'Undinė Radzevičiūtė', '/images/zuvys.jpg', '', 'romanas', 2013, 'Baltos lankos', 380, 'kietas viršelis', 'lietuvių', 17.50),
(23, 'Mergaitė, kurios bijojo Dievas', 'Gintaras Grajauskas', '/images/mergaite.jpg', '', 'pjesė', 2007, 'LRS leidykla', 120, 'minkštas viršelis', 'lietuvių', 8.40),
(24, 'Sakmė apie Juozą', 'Juozas Baltušis', '/images/juozas.jpg', '', 'romanas', 1979, 'Vaga', 300, 'kietas viršelis', 'lietuvių', 11.90),
(25, 'Maro diena', 'Andrius Tapinas', '/images/maro_diena.jpg', '', 'fantastika, trileris', 2015, 'Alma littera', 450, 'kietas viršelis', 'lietuvių', 19.99),
(26, 'Pašnekesys žiemą', 'Tomas Venclova', '/images/pasnekesys.jpg', '', 'poezija', 1991, 'Baltos lankos', 150, 'kietas viršelis', 'lietuvių', 15.00),
(27, 'Lietaus dievas', 'Alvydas Šlepikas', '/images/lietus.jpg', '', 'novelės', 2005, 'LRS leidykla', 160, 'minkštas viršelis', 'lietuvių', 10.80),
(28, 'Tamsa ir partneriai', 'Sigitas Parulskis', '/images/tamsa.jpg', '', 'romanas, istorinis', 2012, 'Tyto alba', 260, 'kietas viršelis', 'lietuvių', 14.90),
(29, 'Pakalnučių metai', 'Jurga Ivanauskaitė', '/images/pakalnutes.jpg', '', 'novelės', 1985, 'Vaga', 200, 'minkštas viršelis', 'lietuvių', 9.50),
(30, 'Jauno žmogaus memuarai', 'Ričardas Gavelis', '/images/jauno.jpg', '', 'romanas', 1991, 'Vaga', 220, 'minkštas viršelis', 'lietuvių', 13.20);

INSERT INTO knygos_autoriai (knygos_id, autoriaus_id) VALUES
(1,1),(2,2),(3,3),(4,4),(5,5),
(6,6),(7,7),(8,8),(9,9),(10,10),
(11,11),(12,12),(13,13),(14,16),(15,17),
(16,18),(17,15),(18,19),(19,20),(20,1),
(21,9),(22,12),(23,10),(24,7),(25,16),
(26,14),(27,11),(28,13),(29,6),(30,2);


UPDATE knygos SET aprasymas = '
Aprašymas

Menotyros mokslų daktarė, žurnalistė Kristina Sabaliauskaitė 2008-aisiais debiutavo istoriniu romanu „Silva Rerum“ („Baltos lankos“). Kūrinys tapo tikru literatūriniu įvykiu Lietuvoje. Įvertintas kritikų ir kultūros istorijos specialistų, skaitytojus jis pavergė vaizdingumu ir sodria, turtinga kalba, pasakojančia apie autentišką XVII amžiaus (1659–1667 metų) atmosferą ir įvykius. Šmaikšti publicistės plunksna, grožiui ir detalėms atidi menotyrininkės akis ir humanitarės dėmesys epochos dvasinei istorijai – tai su niekuo nesupainiojamo autorės stiliaus dėmenys, teikiantys daugiasluoksnio skaitymo malonumą.

2008-aisiais romanas „Silva Rerum“ pelnė Jurgos Ivanauskaitės premiją ir buvo įtrauktas į Lietuvių literatūros instituto kūrybiškiausių knygų dvyliktuką, o 2009-aisiais skaitytojų išrinktas Lietuvos Metų knyga ir kritikų oficialiai pavadintas viena įsimintiniausių dešimtmečio knygų.

„Silva Rerum II“ – antrasis šios autorės romanas, tęsiantis Norvaišų šeimos istoriją. Tai pasakojimas apie 1707–1710 metus. Karas, maras, badas, besaikė prabanga ir mirtinas alkis, švedų ir rusų kareiviai, žydai gydytojai, olandai kortuotojai, turkės sugulovės, prancūzės damos, užsispyrę žemaičiai ir ironiški vilniečiai, bevardis vienuolis, palaidojęs daugiau nei dvidešimt tūkstančių maro aukų, ir, žinoma, dar viena bajoriškos Norvaišų giminės karta. Tai – tarsi tikras „atminties detektyvas“, iš kurio bus galima sužinoti, kaip susiklostė ankstesnės kartos narių likimai, nors kai kurie jų yra tokie, kad panorus juos įrašyti į silva rerum – iš kartos į kartą perduodamą bajorų „šeimos knygą“ – ima drebėti ranka... Ar toks buvo visagalio Viešpaties planas? O gal visagalis tėra aklas atsitiktinumas?

Antroji Silva rerum kitokia negu pirmoji – tačiau autorė vėl keri jau pažįstama takaus, įtraukiančio pasakojimo magija, ryškiais herojų paveikslais, sumaniai suaustomis siužeto gijomis ir ta nepakartojama nuodugniai dalyką išmanančio, protingo žmogaus intonacija, kuri suteikia Kristinos Sabaliauskaitės romanams reto žavesio.
Rasa Drazdauskienė' WHERE id = 20;
UPDATE knygos SET aprasymas = 'Ketvirtoji vieno žymiausių šiuolaikinių lietuvių dramaturgų Mariaus Ivaškevičiaus pjesė „Madagaskaras“ gerai pažįstama ne tik skaitytojams, bet ir Lietuvos bei užsienio žiūrovams – iš Vilniaus mažojo teatro spektaklio, jau spėjusio tapti klasika.

                               Pagrindinio herojaus Kazimiero Pokšto prototipas Kazys Pakštas – viena unikaliausių praėjusio šimtmečio Lietuvos istorijos asmenybių.  Jo idėja perkelti Lietuvą į Afriką suviliojo režisierių Rimą Tuminą, kuris ir paskatino dramaturgą imtis šios temos. Svarbiausi pjesės bruožai – intriguojantis siužetas, išmoningos situacijos, XX a. pradžios leksikos pavyzdžiu „išrasta“ kalba, autoironiškas ir šmaikštus pačių lietuvių požiūris į save ir pasaulį.

                               Lietuvių literatūros ir tautosakos institutas ją premijavo kaip kūrybiškiausią 2004-ųjų metų knygą.

                               2-oji knygos „Madagaskaras“ laida.' WHERE id = 21;
UPDATE knygos SET aprasymas = 'Undinės Radzevičiūtės romanas „Žuvys ir drakonai" 2015 m. buvo įvertintas Europos sąjungos literatūros premija ir Lietuvių PEN centro išrinktas viena geriausių dešimtmečio knygų.

                               Kūrinys išverstas ar šiuo metu verčiamas į vokiečių, anglų, italų, ispanų, vengrų, bulgarų, lenkų, estų, latvių kalbas. Pristatytas Kinijos, Vokietijos, Austrijos ir Latvijos skaitytojams.

                               Bavarijos kultūros ministerija autorei skyrė specialų apdovanojimą – ilgalaikį kvietimą 2018–2019 metams į Tarptautinius menininkų namus Bamberge Internationales Künstlerhause Villa Concordia.

                               Ši knyga – apie daugelį dalykų. Apie XVIII amžiaus europiečio svajonę pakeisti „tvarką" visame pasaulyje, net ir Kinijoje. Apie XVIII amžiaus prancūzų meilę kiniškiems dalykams ir viso „Senojo pasaulio" neapykantą prancūzams. Apie didėjančią Rytų ir Vakarų „difuziją". Apie šiuolaikinį žmogų, norintį pabėgti į nebeegzistuojančią Kiniją. Ir apie Rytus, kurie visada su mumis, nesvarbu, į kurią pusę žiūrėtume.' WHERE id = 22;
UPDATE knygos SET aprasymas = 'Poezija, proza, drama – savaimingos Gintaro Grajausko literatūrinės kūrybos sritys. Pasitelkdamas naujosios dramaturgijos priemones, rašytojo intuiciją ir humorą, G. Grajauskas  modernizuoja asmenybės ir lietuviškojo identiteto temas, skirtingų Lietuvos istorijos tarpsnių aktualijas.' WHERE id = 23;
UPDATE knygos SET aprasymas = 'Kęstutis Šapoka – ypatingo braižo ir ypač savito požiūrio rašytojas, radęs gerbėjų tarp konceptualesnės, intelektualesnės literatūros skaitytojų. Galima sakyti, kad jau patentuota yra šapokiška ironija ir šapokiškas šiuolaikinis socialinis realizmas.

                               Autoriui, kuris yra ir menotyrininkas, būdinga konstruoti savotiškus koliažus tekstais, pasitelkti ryškius intertekstus ir įžūlokai juos naudoti (iš esmės antisnobiška, anti-elitistinė autoriaus pajauta), sulieti „žemąją" ir „aukštąją" kultūras. Kalbėdamas apie vadinamąjį „low life", „žemajai" kultūrai priskiriamą gyvenimą, autorius taip atidirba kūrinio formą ir kalbą, kad kūrinys neabejotinai tampa aukštosios kultūros dalimi su daugybe apgalvotų formos ir turinio ėjimų. Išoriškai atrodo tarsi išvirkščioji aukštosios literatūros pusė, bet tai klaidingas pirmas įspūdis. Šapokai taip pat būdingi citatų ir sakinių kitomis kalbomis ar tarmėmis inkliuzai: skaitytojas, gebantis persijungti iš vienos kalbos į kitą, lengvai supranta niuansus, taip, tam reikia tam tikro intelektinio pasirengimo. Paradokasalu – tam, kad suprastum visuomenės paraščių mentalitetą. Tačiau kitas paradoksas, kad čia veikia ir aukštai iškilę verslininkai, ir kultūros srities atstovai, kurie kalba ta „žemąja" kalba, sukurta meistriškai ir atpažįstamai. Šapokai dar būdingi specifiniai šiuolaikiški gamtos aprašymai, su atodaira į klasikus.

                               Romanas „Sakmė apie Juozą" - su aliuzija į Juozą Baltušį – yra tarsi dokumentiška antiutopija, parašyta pasitelkus jo paties kuriamą šiuolaikinio socialinio realizmo žanrą, natūralistinę stilistiką ir literatūrinio koliažo principą. Romanas kalba apie Covid-19 pandemijos pradžią ir detaliai remiasi žiniasklaidos nuorodomis (jos pateikiamos knygos gale) – taip literatūroje perteikiamas istorinis įvykis, kaip žmonės reagavo į pasaulinį pokytį, po kurio gyvenimas iš esmės pasikeitė. Ir ta dokumentuota realybė aprašyta taip, kad atrodytų tarsi antiutopija (jeigu nežinotume, kad tai tiesa). Autorius pagavo tą didžiojo pokyčio būseną ir ją užfiksavo kūrinyje. Ciklinė kompozicija: kūrinys prasideda ir baigiasi futbolo rungtynėmis. Tačiau detaliai aprašomos rungtynės kalba apie sociokultūrinius vyrų 40+ santykius, jų mentalitetą, realybės fragmentus, verslininkų komandos draugų santykius su kultūros atstovu Juozu – vienas teksto sluoksnis atsiskleidžia, persimato kaip koliaže per kitą.

                               Besikeičiantis miestas, kai tik google maps gali pasivaikščioti po rajoną iki statybų; stereotipai apie kultūros darbuotojus išryškinami, kultūros ir valstybės ideologijos santykių dekonstravimo tema; užaštrinama visuomenės nepagarba kultūros sektoriui (su šapokiška ironija); „low life" elementai: primityvi buitis, dešrelės su kečupu, pica, laikas, leidžiamas prekybos centruose. Realistiškai rodomi ir lyčių stereotipai, drąsiai, tarsi įžengiant į postfeministinę erą. Kultūros darbuotojo kasdienybė parodoma gana niūriai, nuvainikuojant bet kokius romaniškus „dvasinio pakylėjimo" momentus, greičiau parodant biurokratišką darbą, kurio šioje srityje irgi nemažai, jis yra tarsi šiuolaikinių postindustrinės visuomenės žmonių „juodas darbas", kurį reikia padaryti – nori nenori ir be jokio įkvėpimo.' WHERE id = 24;
UPDATE knygos SET aprasymas = 'Pasmerktame mieste pavojingiausia likti gyvam.

                               Pašėlę nuotykiai tęsiasi antrajame Akmens ir Garo miestų ciklo romane „Maro diena“. Laisvojo Vilniaus legatui Antanui Sidabrui nerimą kelia kraupų krovinį atvežęs traukinys, kuriame nebuvo mašinisto, Londono policija tiria genialaus chemiko mirties aplinkybes, į Konstantinopolį skuba ypatingą užduotį turintis samdomas žudikas, o paslaptinga ugniaplaukė moteris vien žvilgsniu pavergia vyrų širdis.

                               Paslaptys bus atskleistos, mįslingi kodai iššifruoti, bet išauš Maro diena – ir košmarai taps realybe, o akmenines pasmerkto miesto gatves užplūs Maro Vienuoliai.

                               Soboro durų angoje, galva kone remdamasi į staktą, stovėjo figūra, trimis galvomis aukštesnė už aukščiausią žmogų. Jos kūną slėpė ilgas juodas rūbas su plačiu gobtuvu, iš po jo žalia liepsna žybčiojo akys. Rankose figūra laikė plačius kirvius. „Ne, – staiga suvokė Sidabras, – tai kirviais baigiasi jos rankos!“' WHERE id = 25;
UPDATE knygos SET aprasymas = 'JAV gyvenančio poeto, vertėjo, literatūrologo eilėraščių ir vertimų rinktinė. Originalioji kūryba suskirstyta į keturis skyrius ("Veidrodis", "Kalbos ženklas", "Achilo skydas", "Tankėjanti šviesa"), jos pagrindu imamas išeivijoj išleistas eilėraščių rinkinys "98 eilėraščiai" (1977), o eilėraščių vertimai daugiausia atrinkti iš knygos "Balsai" (1979).' WHERE id = 26;
UPDATE knygos SET aprasymas = 'Tai devynių novelių rinkinys. Daugumos pagrindinis veikėjas – jaunuolis, nedidelio miestelio gyventojas, kartais – senukas, kartais – berniukas. Veikėjai dažniausiai labai jautrūs, dirglūs, nepritampantys prie aplinkybių, konfliktuojantys. Iš tų konfliktų išsirutulioja tragiškos kolizijos, sukečiančios skaitytoją. Prie to nemažai prisideda autoriaus sugebėjimas kalbėti provincialų kalba, autentiškai atkurti situacijas, taikliomis detalėmis atskleisti veikėjų charakterius, įlieti jaudinančių emocijų.' WHERE id = 27;
UPDATE knygos SET aprasymas = '
Aprašymas

Šiame romane pasakojama apie fotografo Vincento, mainais už gyvybę priversto tarnauti esesininkui, asmeninį gyvenimą nuo Antrojo pasaulinio karo pradžios, „Lietūkio“ garažo įvykių iki karo pabaigos.

Tai jauno žmogaus, atsitiktinai tapusio netikėtų to meto įvykių liudytoju („karas nuplėš nuo mūsų veidų visas kaukes“), egzistencinė drama.

Vincentas, „pripratęs būti kitapus objektyvo, atsitverti nuo tikrovės plonyte juosta“, prieš savo valią tampa neatšaukiamos istorijos, masinių žydų žudynių liudytoju, stebėtoju, negalinčiu nieko pakeisti ir niekam padėti. Galiausiai pats stebėtojas pasijunta esąs stebimas aukštesnės jėgos.

„Tamsa ir partneriai“ – tai ir aistringos, „neteisėtos“ meilės istorija.

Kurdamas romaną autorius rėmėsi išlikusių dokumentų rinkiniais, rašytiniais atsiminimais, to meto spauda.

Budelis ir auka žino tikrąją tiesą, o liudytojas, žiūrovas – jis gauna tik įspūdį apie tiesą. Koks tas įspūdis – stipresnis ar silpnesnis, – tiesą sakant, jokio skirtumo. Šiaip ar taip, jis išblės, virs tolimu, blankiu prisiminimu, bet auka ir budelis niekad neužmirš tiesos.

* * *

Sakei, kad Kristus ir fotografas panašūs – tik stebi žmones, bet negali jų pakeisti, jiems padėti.

* * *

Tiesa, tai, kad šiame gyvenime tenka nuolatos susidurti su bjaurastimi, yra bene geriausias įrodymas, kad už čia patirtus malonumus tikrai nereiks atsiskaityti kur nors ten, amžinybėje. Mes atsiskaitome čia. Už viską. Su kaupu.
' WHERE id = 28;
UPDATE knygos SET aprasymas = 'Pirmoji Jurgos Ivanauskaitės knyga „Pakalnučių metai“ (1985) – kultinis devintojo dešimtmečio alternatyvaus jaunimo tekstas, sudrumstęs ramius literatūros vandenis, ir iki šiol nepranoktas debiutas.

                               Šiomis novelėmis pradėjusi savo literatūros kelią, šiandien Jurga Ivanauskaitė – tarp skaitomiausių Europos rašytojų.' WHERE id = 29;
UPDATE knygos SET aprasymas = 'Romaną „Jauno žmogaus memuarai“  sudaro keturiolika laiškų, mirusio jauno žmogaus Leono Cipario rašomų iš anapus savo mokytojui ir draugui Tomui Kelertui. Leonas mėgina išsiaiškinti, kokios jėgos  įstūmė mus ten, kur esame, kaip jos formuoja tautą ir asmenybę.

                               Autoriaus personažas nebeišsitenka trimatėje erdvėje, todėl jo regimas blogis atsiskleidžia ne vien kaip etinis ar empirinis dydis, bet kaip metafizinė galia, nuolatos keičianti veidą, kurianti vis naujas struktūras, kurias atpažinti dar nereiškia – įveikti.' WHERE id = 30;
UPDATE knygos SET aprasymas = '„Silva Rerum“ – pirmasis žinomos žurnalistės, menotyrininkės, dr. Kristinos Sabaliauskaitės romanas.

                               Studijuodama Baroko dailės istoriją Kristina Sabaliauskaitė nemažai laiko praleido Lietuvos ir Europos archyvuose prie XVII amžiaus istorinių šaltinių – laiškų, memuarų, testamentų, raštų, aprašų, iš kurių, pasak jos, „tiesiog veržėsi ano meto aistros, konfliktai, likimai ir istorijos, kurių nesugalvotų nė lakiausia fantazija.“ Visa tai ji supina į magišką, įtraukiantį, trilerio tempo Silva Rerum pasakojimą, kuriame fatališka meilės istorija pinasi su detektyvo elementais, o į būties įtampas žvelgiama patyrusia akimi ir dažnai – su šiai autorei būdingu subtilaus humoro ir ironijos žiupsniu.

                               Silva Rerum – lotyniškai „daiktų miškas“ – taip vadinta XVI–XVIII a. populiari, iš kartos į kartą perduodama Lietuvos bajorų „šeimos knyga“, kur, be tokių reikšmingų gyvenimo įvykių kaip gimimo, vestuvių ir mirties datos, būdavo įrašomos ir įvairiausios sentencijos, eilėraščiai, patarlės, per iškilmes sakyti tostai, sveikinimo kalbos ir panegirikos. Tad ko baiminasi Jonas Motiejus Norvaiša kiekvieną kartą, kai atsiverčia šeimos silvą ir ima plunksną į rankas?

                               Kristina Sabaliauskaitė, atgaivindama istorinio romano žanrą Lietuvoje, skaitytoją talentingai perkelia tiesiai į LDK XVII a. vidurio bajorišką atmosferą – su autentiškomis audinių faktūromis, spalvomis, brangakmenių žėrėjimu, patiekalų skoniais ir kvapais – ir dovanoja tikrą kelionę laike.
                               Net ir abejingi istorijai neturėtų likti abejingi šiai knygai.

                               Ji – kiekvienam, kuris kada nors buvo įsivėlęs į gatvės muštynes, norėjo pasiųsti viską ir visus po velnių ar tiesiog bijojo būti prarytas kasdienybės liūno; kiekvienam, kuris kada nors bandė žvelgti baimei tiesiai į akis, buvo išgąsdintas netikėtai išsipildžiusios slapčiausios svajonės ar abejojo savimi.

                               Užvertę šios knygos paskutinį puslapį jūs visiškai kitomis akimis žvelgsite į Žemaitijos girias, Vilniaus gatves ir nekaltai čirškiančius žvirblius. O galbūt net pradėsite kišenėje prietaringai nešiotis mažytį veidrodėlį – dėl visa pikta…' WHERE id = 1;
UPDATE knygos SET aprasymas = '„Vilniaus pokeris“ drąsiai ir atvirai tyrinėjami skaudūs Lietuvos istorijos bei lietuviškos dvasios dalykai. Autentiški įvykiai čia pinasi su neįtikimais, tarpais pasakojimas perauga į visišką fantasmagoriją, padiktuotą įaudrintos personažų psichikos. Tokiu rafinuotu būdu autorius stengiasi pavaizduoti Vilnių kaip ištisą pasaulį, realus Vilnius čia pasirodo kaip miestas vaiduoklis, miestas sapnas. Tą pačią tragišką istoriją keturi personažai pasakoja kiekvienas kitaip, vidiniuose monologuose skiriasi ne tik įvykių interpretacija – netgi patys įvykiai kiekviename pasakojime skirtingi, neretai prieštaringi ar išvis nesuderinami.

                               ***

                               Anuomet linksmai stebėjau, kaip „Vilniaus pokeris“ jaukia visus lig tol galiojusius lietuvių literatūros kriterijus bei standartus. O dar linksmiau stebėjau dėl tos knygos kilusį tamsybininkų bei davatkų siautulį.

                               ***

                               Iš esmės prozininkas privalo dirbti nuobodžiai kaip koks sargas. Minutė po minutės, valanda po valandos (...). Aš esu iš tų žmonių, kurie sako atvirai, kad rašo ne jie. Rašau ne aš, kažkas rašo manimi.

                               Ričardas Gavelis

                               Ričardas Gavelis (1950–2002) – vienas ryškiausių postmodernizmo atstovų Lietuvoje. Prozininkas, dramaturgas, publicistas ir fizikas. Daugiau nei prieš dvidešimt metų išleistas „Vilniaus pokeris“ sukėlė tikrą sprogimą homo sovieticus, bevirstančio laisvu žmogumi, sąmonėje. Tai neabejotinai žymiausias Ričardo Gavelio kūrinys. 2009 m. „Vilniaus pokeris“ išverstas į anglų kalbą ir išleistas JAV, kur sulaukė pripažinimo ir pateko į 25 geriausių verstinių metų knygų sąrašą. Šis, jau ketvirtasis, leidimas gerokai pasikeitusioje Lietuvoje liudija knygos ilgaamžiškumą ir kviečia iš naujo ją atrasti, perskaityti ir permąstyti.' WHERE id = 2;
UPDATE knygos SET aprasymas = 'Jurgio Kunčino (1947–2002) romanas „Tūla“ priskiriamas prie ryškiausių lietuvių literatūros kūrinių, pasirodžiusių per du pastaruosius dešimtmečius. Fatališka meilė, Vilniaus gatveles užgulusi sovietmečio pilkuma, nerimo ir liūdesio slegiamas inteligentiškas jaunuolis – iš tokių vaizdų susiklostė geriausias J. Kunčino romanas. Pirmas leidimas pasirodė 1993 m. ir tais pačiais metais pelnė Rašytojų sąjungos premiją.

                               ***

                               Kas pastarųjų dvidešimties metų lietuvių literatūroje buvo iš esmės novatoriška? Savąjį originalaus pobūdžio kūrinių sąrašą kolega Laimantas Jonušys pradeda nuo Jurgio Kunčino, minėdamas „Tūlą“ – kaip romaną, pirmą kartą prabilusį apie valkataujančio sovietmečio inteligento patirtį ir atvėrusį visai naują perspektyvą.

                               Skaitydami romaną „Tūla“ (1993), mes vėl einame per Vilnių kartu su pakaušusiu liūdnu jaunuoliu, atpažindami gatveles, kavines, dažnai sutinkamus žmones, kol per žaismės sceną patenkame į nerimo ir fatališko jausmo skaistyklą. „Tūla“ yra dosnios neįmanomos meilės dūžtanti banga, vienatvės, klajonių ir nerimo romanas, jau smilkstančios santvarkos liūdna fotografija. Jurgio Kunčino pasakojimas – švelniai natūralistiškas ir šiurkščiai poetiškas, pasak Jūratės Sprindytės. Romanas parašytas smagia ranka, vienu kartu liejančia dokumentiško tikrumo, puošybos, ironijos spalvas, gražiausi jo puslapiai žavi svaigulio ritmu ir lyriška intonacija, kuri lengvai įteisina šagališkas skrydžio metaforas.

                               Valentinas Sventickas' WHERE id = 3;
UPDATE knygos SET aprasymas = 'Balys Sruoga (1896-1947) - lietuvių literatūros klasikas. Be jo neįmanoma įsivaizduoti XX a. pirmosios pusės Lietuvos kultūrinio gyvenimo. Rašytojo atsiminimų knyga Dievų miškas vertinama kaip vienas originaliausių Europos memuaristikos kūrinių apie nacių koncentracijos stovyklas. Pirmą kartą atsiminimai išleisti 1957 m., autoriui jau mirus. 2005 m. režisierius Algimantas Puipa kūrinio motyvais pastatė kino filmą.

                               Ši knyga parengta pagal Lietuvos rašytojų sąjungos leidyklos 2005 m. leidimą. Kūrinio tekstas nekupiūruotas. Leidime palikta asmenvardžių ir vietovardžių rašyba su šiokiais tokiais netikslumais, kurių būta pirmame kūrinio rankraštyje.' WHERE id = 4;
UPDATE knygos SET aprasymas = '„Altorių šešėly“ – svarbiausias lietuvių literatūros klasiko Vinco Mykolaičio-Putino kūrinys. Šis psichologinis romanas ypač svarbus XX a. ketvirtojo dešimtmečio literatūros kontekste, nes puikiai atskleidžia filosofinį pagrindinio veikėjo santykį su gyvenamuoju laiku. Altorių šešėly pradėjo naują kelią lietuvių romano istorijoje ir iki šiol tebelaikomas geriausiu psichologiniu romanu lietuvių literatūroje.

                               Vincas Mykolaitis-Putinas (1893–1967) – poetas, prozininkas, dramaturgas, literatūros tyrinėtojas, vienas iškiliausių XX a. lietuvių kultūros veikėjų.' WHERE id = 5;
UPDATE knygos SET aprasymas = '„Savo romanuose aš visuomet bandau būti atvira, sąžininga ir nuoširdi. Mėginu savo skaitytojams parodyti, kad nebijotų nepažįstamų savo sielos gelmių ir kad jie netgi turėtų susidurti su tamsiausiais sielos užkampiais. Šis susidūrimas su žmogiškosios būties šešėliais ne visada malonus, tačiau, mano galva, absoliučiai būtinas kiekvienam individui. Šio tikslo aš visada siekiu kiekvienoje savo knygoje – ne tik „Raganoje ir lietuje“.“ – Iš J. Ivanauskaitės interviu dtv leidyklai

                               J. Ivanauskaitės „Ragana ir lietus“ – romanas apie kūną ir sielą, meilę ir nuodėmę, skausmingą jaunos moters aistrą kunigui, kuris užsidaro vienuolyne. Lietuvoje pirmąkart išleista 1993-iaisiais, po didelių istorinių permainų, knyga užgavo atvirą visuomenės nervą. Šiandien šis romanas jau skaitomas ne tik lietuvių, bet ir įvairiomis užsienio kalbomis.

                               ***

                               „Per trumpą laiką romanas „Ragana ir lietus“, išleistas 1993 m., padarė Jurgą Ivanauskaitę garsiausia Lietuvos rašytoja...“ – Frankfurter Rundschau

                               „1961 m. gimusios J. Ivanauskaitės kūryba [...] yra naujos laisvės, kuriai pasiryžusi jauna lietuvių literatūra, pavyzdys. Ji kaip joks kitas autorius ar jokia kita autorė nutolsta nuo lietuviškos realybės, net kai ši jos romanuose yra susijusi su dabartimi.“ – Frankfurter Allgemeine

                               „J. Ivanauskaitė su savo „Ragana ir lietumi“ įėjo į pasaulinę literatūrą. – Kommune

                               „J. Ivanauskaitė patraukia savo pasakojimo stiliumi, kuria stiprių moterų paveikslus, nemenkindama ir vyrų, kurie vaizduojami kaip mylimieji, su savo silpnybėmis ir stiprybėmis, didingi ir griaunantys – labai žmogiški Dievo žmonės su žmogiškais troškimais.“ – Freitag 42

                               „J. Ivanauskaitės romaną „Ragana ir lietus“ buvo leidžiama pardavinėti tik sekso prekių parduotuvėse (tai padarė romaną bestseleriu).“ – Guardian Books Review

                               „J. Ivanauskaitės herojai – jauni menininkai, ieškantys gyvenimo prasmės ir trokštantys pakeisti visuomenę.“ – Frankfurter Allgemeine' WHERE id = 6;
UPDATE knygos SET aprasymas = 'Lietuvių rašytojo romane per pagrindinio personažo piemenuko pasaulėžiūra atskleidžiama socialinė neteisybė, išnaudojimas buržuaziniame kaime, buožių moralinė degradacija, sukurta ryškių, tipizuotų kaimo žmonių charakterių, spalvingų buities vaizdų.' WHERE id = 7;
UPDATE knygos SET aprasymas = 'Antanas Garšva dirba liftininku viename didžiausių Niujorko viešbučių. Jį slegia uniforma, bukinantis darbas, vienatvė, kamuoja egzistenciniai klausimai, kūrybinės kančios ir, regis, jis tuoj, tuoj išprotės.

                               „Baltoje drobulėje" nėra aiškios intrigos, vientiso pasakojimo, chronologijos, tai - pasąmonės srautas, įtraukiantis skaitytoją į Garšvos apmąstymus, įvykius, nutinkančius čia ir dabar, ir praeities atsiminimus.

                               Antanas Škėma (1910-1961) - vienas reikšmingiausių XX a. lietuvių literatūros kūrėjų, savo novatoriškumu sulaužęs nusistovėjusias normas. Rašytojo kūryba artima avangardui. Škėma vaidino, režisavo spektaklius, mėgo modernų meną. Emigravęs į JAV vaidino ir režisavo išeivijos teatro trupėse. Autoriaus kūryba buvo smarkiai kritikuojama, parašyta „Balta drobulė" ketverius metus nesulaukė leidėjo, o dabar tai - pripažinta lietuvių literatūros klasika.' WHERE id = 8;
UPDATE knygos SET aprasymas = 'Kontraversiškai vertinamas, audringai kritikuotas, netgi skandalingas... Tai Mariaus Ivaškevičiaus romanas „Žali", kuriame puikiai žinomi partizaninio karo dalyvių vardai atgyja ne tam, kad atspindėtų istorinę realybę, o tam, kad taptų naujo žaismingai, intriguojančiai ir drąsiai kuriamo postmodernaus literatūrinio paveikslo dalimi.

                               Partizaninio pogrindžio karių pavardės ir istoriniai faktai sukuria Lietuvos pokario metų kontekstą, kuriame nevaržomai laisvai veikia – myli, išduoda, kenčia, miršta ir kitaip išgyvena būtį – istorinių asmenybių prototipai, kurių pagrindinės figūros yra vadas Jonas Žemaitis ir jo kovos draugai. Autorius atsisako politinio – prosovietinio arba prolietuviško – pasakojimo būdo ir išlaisvina veikėjus nuo būtinybės atstovauti tam tikrą poziciją. Ribų nepripažįstanti vaizduotės galia veda skaitytojus ten, kur vengiant partizanų heroizavimo ir stribų demonizavimo tarpsta buitis, jausmai, intymus gyvenimas. Taip kuriant intrigą, žaidžiant, sukrečiant ar net šokiruojant keliaujama per trumpą žmogaus egzistenciją.

                               Mariaus Ivaškevičiaus teigimu, šiuo romanu siekta ne šaipytis ar juoktis, bet pavaizduoti realistiškai. Kartais per daug realistiškai. Taip rašytojo kurtas realizmas susikirto su patriotiniu to laikotarpio vaizdavimu, sukeldamas audringų diskusijų bangą. Istorikas Aurimas Švedas šį antrąjį „Žalių" leidimą pavadino „turbūt labiausiai nesuprastu lietuvių romanu".

                               „Po penkiolikos metų mes šį romaną nutarėme perleisti. Kaip suprantu, užaugo nauja karta, kuri tos knygos ieško ir būtų įdomu, kaip ši karta į visa tai pažiūrės."' WHERE id = 9;
UPDATE knygos SET aprasymas = 'Kaulinė dūdelė – tai trečioji savito poeto, dramaturgo, muzikanto Gintaro Grajausko eilėraščių knyga. 2000 m. ji apdovanota „Poezijos pavasario“ ir Ievos Simonaitytės premijomis.

                               G. Grajausko tekstuose matome, kaip staiga trūksta postmodernizmo ironijos šarvai, dingsta paskutinė iliuzija, ir žmogus lieka beginklis prieš gyvenimo absurdą. Jaučiamos pastangos sąžiningai ištverti šią būseną, kurią dar ryškina savitai modeliuojamas erdvėlaikis. Šiandieninėje lietuvių poezijoje toks tragizmas atrodo tikrai autentiškas. Poetas kuria uždarą poezijos pasaulį, kuriame svarbūs maži, čia pat esantys dalykai, kur ieškoma „naujojo intymumo“, galinčio pateisinti žmogaus buvimą absurdo akivaizdoje.
                               Visą G. Grajausko poetinį pasaulį galima apibūdinti kaip įtampų tarp žodžio denotato, subjekto pasaulėvokos imanentiškumo ir juos įveikti siekiančios pastangos lauką. Atskiruose eilėraščiuose šie įtampų krūviai gali būti pasiskirstę labai įvairiai, bet visada išlieka tekstuose, kuriuose žodis balansuoja tarp semantikos paviršiaus bei gelmės, o žmogaus buvimas – tarp lengvumo ir skausmo. - Rimantas Kmita.
' WHERE id = 10;
UPDATE knygos SET aprasymas = 'Tikrais faktais pagrįstas romanas kalba apie vieną iš mūsų istorijos baltųjų dėmių – skaudžią „vilko vaikų“ patirtį. Po Antrojo pasaulinio karo Rytprūsių vokietės, kad išgelbėtų savo vaikus, siuntė juos anapus Nemuno. Ir šie ėjo į Lietuvą, dirbo pas ūkininkus, elgetavo, o sunkiai uždirbtą maistą nešė savo badaujančioms šeimoms.

                               Vokiečių mergaitės Renatės, gavusios lietuvišką vardą Marytė, ir jos šeimos istorija atskleidžia daugelio pabėgėlių likimą, pirmuosius pokario metus Rytprūsiuose ir Lietuvoje.

                               Kūrinys išrinktas 2012-ųjų „Metų knyga“, apdovanotas Jono Marcinkevičiaus, Rašytojų sąjungos bei Patriotų premijomis. Knyga sulaukė didelio tarptautinio susidomėjimo ir puikių recenzijų užsienio spaudoje. Ji išversta į latvių, estų, lenkų, anglų, vokiečių, olandų ir ukrainiečių kalbas. Už šį romaną autorius 2018 m. buvo apdovanotas Georgo Dehio premija Vokietijoje. Didžiojoje Britanijoje kūrinys pateko į leidinio „The Times“ sudarytų geriausių 2019 m. knygų sąrašą.' WHERE id = 11;
UPDATE knygos SET aprasymas = '„Baden Badeno nebus“ – trečia Undinės Radzevičiūtės knyga po juodojo humoro ir absurdo miniromanų „Strekaza“ ir „Frankburgas“. Tai keistos istorijos apie žmones, kurių jūs nesutiksite gatvėje, o jeigu ir sutiksite, jie tų istorijų niekada jums nepapasakos...

                               Naujoji knyga „Baden Badeno nebus“ atveria dar vieną šios talentingos kūrėjos briauną – mokėjimą pasakoti istorijas. Knygoje išlieka įprastas Undinės Radzevičiūtės stilius, įmanomas pavadinti akupunktūrine proza – preciziški sakinių dūriai, taupus ir asketiškas kalbėjimas ir itin subtilus humoras.

                               Undinės Radzevičiūtės istorijos – unikalios. Atitikmenų joms lietuvių literatūroje vargu ar rastume.– Kęstutis Navakas

                               Į mūsų šalies literatūrą žvelgiant kaip į gyvybingą Europos literatūros dalį, tarp Orientyrų serijos autorių užsieniečių kūrybos pirmąkart pateikiamas ir lietuvių autorės kūrinys.

                               „Orientyrai“ – tai knygų serija, kuri leidžia orientuotis šiuolaikinės literatūros pasaulyje ir atsakyti sau į klausimus, ar jį pažįstate, ar suprantante, kas ir kodėl jame vyksta ir ko iš jo tikėtis. Šie kūriniai atskleidžia šiuolaikinės prozos tendencijas ir vienaip ar kitaip veikia nūdienos literatūros procesą. „Orientyrai“ – tai ne sustingę obeliskai, bet veikiau vėjarodžiai, rodantys naujųjų kūrybinių vėjų kryptį.' WHERE id = 12;
UPDATE knygos SET aprasymas = 'Kartais, kai lieki visiškoje tamsoje, kai šviesa tave netikėtai apleidžia, akis užlieja keista aukso spalva, tarsi iš tamsos plūsteltų čia pat ore tvyrojusi ir tik tinkamos akimirkos laukusi iš kitos erdvės dimensijos trykštanti amalgama; nežinau, kuek trunka tokie akimirksniai, tačiau bet koks bandymas juos nupasakoti visuomet atrodo per ilgas ir dirbtinis...' WHERE id = 13;
UPDATE knygos SET aprasymas = 'Knyga „Vilko valanda“ yra atsakymų virtinė į klausimus, kas būtų buvę, jeigu Universiteto alchemikų atradimas būtų aukštyn kojom apvertęs Europos gyvenimą, o Vilnius būtų ištrūkęs iš Rusijos imperijos gniaužtų ir praėjusio amžiaus pradžioje tapęs Laisvuoju Miestu – progreso, mokslo ir mistikos centru.

                               Gan naujas steampunk žanras pasirinktas neatsitiktinai – jo dėka Andrius Tapinas kviečia sugrįžti į 1905-ųjų metų Vilnių, tačiau istorinę medžiagą praturtina ir fantastikos elementais.

                               Valandų valandos praleistos archyvuose vartant anglų, rusų ir lietuvių kalba parašytus metraščius bei senas autoriaus fantastinės literatūros pomėgis kviečia pasinerti į nutrūktgalvišką Lietuvos sostinę Vilnių, svarstant, koks jis galėjo būti, jeigu įvykiai būtų susiklostę visai kitaip.

                               „Vilko valanda“ prasideda nuo ekskurso į praeitį - 35 metus iki veiksmo pradžios, kai Rusiją valdė caras Aleksandras II ir po kurio ekonominių reformų Rusijai katastrofiškai trūko pinigų. Ją taip pat ėdė milžiniško masto korupcija, į kurią buvo įklimpę aukščiausi pareigūnai. Besikuriančio Aljanso architektams tokia ant finansinės prarajos atsidūrusios Rusijos būklė buvo neįtikėtinai naudinga. Beje, visi šios ištraukos veikėjai - istoriškai autentiškos asmenybės.' WHERE id = 14;
UPDATE knygos SET aprasymas = 'Šiauliai. Vieno vaikino istorija iškart po nepriklausomybės. Kožos ir treningai, meilė ir pinigai, laukinis kapitalizmas ir regbis. Juokas pro ašaras... i viskas – originals.

                               „Pietinia kronikas“ – romanas, kokio Lietuvoje dar nebuvo. Laiko mašina, be atsikalbinėjimų panardinanti į netolimą istoriją – XX a. pabaigą. Skaitytojas neturi kur trauktis. Atsivertęs knygą, jis jau yra ano meto Šiauliuose, mato jaunus BIX, GIN GAS, treningus ir kambarį su „Rembo“ plakatu ant sienos, važiuoja su tašėmis į Latviją, žaidžia regbį, įsimyli ir nusivilia. Bet tai dar ne viskas. Jis ne tik mato, patiria, bet ir girdi. Nes Šiaulių šneka liejasi laisvai.

                               Rimantas Kmita – literatūros kritikas, poetas, rašytojas – pirmuoju savo romanu „Pietinia kronikas“ stato Šiauliams paminklą. Tai knyga apie Šiaulius, parašyta Šiaulių šneka. Apie bachūrą iš Pietinio rajono anais laukiniais laikais.

                               ***

                               „Šiauliai – tai kultūrinis sprogstamasis mišinys. Jo sudedamosios dalys – Pietinis, kultūrkė, parodrūmis ir dailės fakultetas. Kai šie ingredientai susimaišo, atsiranda BIX ir kiti ryškūs sprogimai. Geros kelionės į tuos laikus!“ – Saulius Urbonavičius-Samas

                               „Rimantas Kmita man primena, kad bendrinė kalba gali būti tik abstrakti valdžios kalba. Todėl, norėdamas kalbai grąžinti jos medžiagiškumą, faktūrą, vibruojantį vietos dvasios pojūtį, turi atsigręžti į tarmiškas pasaulio ištaras. Per kapotą šiaulietiško kalbėjimo ritmiką atsiveria jokioje kitoje kalboje neįmanomos Pietinio daiktų ir patirčių kombinacijos.“ – Virginijus Kinčinaitis

                               „Kronikų būna visokių ir iš visur: iš pasaulio, Lietuvos ir Šiaulių, bet „Pietinia kronikų“ transliacijos vieta – ne Šiauliai, o literatūrinė kalba („antra medalia puse“), kaip tik čia, romano kalboje, skaitytoją ištinka svarbiausi įvykiai. Laikykitės, nešiauliškiai.“ – Danutė Kalinauskaitė' WHERE id = 15;
UPDATE knygos SET aprasymas = '„Dalia Grinkevičiūtė (1927–1987) yra parašiusi svarbiausius, geriausiai žinomus lietuviškosios tremties literatūros kūrinius. Tai memuariniai pasakojimai, pavadinti „Atsiminimais" ir „Lietuviai prie Laptevų jūros" (šios apybraižos tęsinys – „Gimtojoj Žemėj"). Jie labiausiai vertinami dėl tikroviškų tremties vaizdų, išraiškingo įvykių traktavimo, didžiulio pirmosios publikacijos (1988) atgarsio sąjūdiškoje Lietuvoje ir dėl to, kad parašyti talentingo žmogaus, ypatingos asmenybės. D. Grinkevičiūtės kūryba remiasi jos pačios patirtimis, jausmais ir apmąstymais. Grinkevičių šeima su keturiolikmete Dalia buvo ištremta 1941 m. birželio keturioliktąją ir didžiąją dalį laiko kentėjo prie Laptevų jūros. Daliai leista grįžti į Lietuvą 1956 m.

                               Apysaka, leidėjų pavadinta „Atsiminimais", parašyta 1949–1950 m. Dalia kartu su sergančia motina stebuklingu būdu buvo pabėgusios iš Jakutsko. D. Grinkevičiūtė slapstėsi Kaune, globojo (ir palaidojo) motiną, rašė. Suprasdama, kad bus suimta (taip ir įvyko), rankraštį įdėjo į stiklainį ir užkasė. Jis atsitiktinai buvo surastas tik 1991 m., restauruotas ir pirmą kartą išspausdintas žurnale „Metai" (1996, Nr. 10–12, 1997, Nr. 1).

                               Memuarinė apybraiža „Lietuviai prie Laptevų jūros" (Kazio Sajos pasiūlytas pavadinimas) parašyta devintojo dešimtmečio pradžioje Laukuvoje, kur D. Grinkevičiūtė, baigusi medicinos studijas Omske ir Kaune, vadovavo ambulatorijai ir ligoninei. Neradusi anksčiau minėto rankraščio, D. Grinkevičiūtė sukūrė šią trumpą, koncentruotą, informatyvią apybraižą. Pirmą kartą ji buvo išspausdinta žurnale „Pergalė" (dabartiniai „Metai") 1988 m. spalį (tuometinis žurnalo tiražas 24120 egz.) ir padarė sprogusios bombos įspūdį. Tremties vaizdai ir pasakojimo energetika reikšmingai prisidėjo prie okupacijos suvokimo ir Nepriklausomybės atkūrimo paskatų.

                               Pasakojimas „Gimtojoj Žemėj", datuojamas „po 1979 m.", vaizduoja iš tremties grįžusios D. Grinkevičiūtės sunkias patirtis susovietintoje Lietuvoje – „antrąjį Sibirą", – Valentinas Sventickas.' WHERE id = 16;
UPDATE knygos SET aprasymas = 'Nacionalinės premijos laureato R. Granausko apysakoje „Gyvenimas po klevu“ per vienos šeimos žlugimo istoriją skausmingai atsisveikinama su senuoju lietuvišku kaimu. Knyga sudrebino visuomenę savo beviltiškumu. Tada tai buvo nauja ir neleistina.

                               Kaimo žmogaus akimis parodoma niekuo nedangstoma gyvenimo tiesa. Apysakos herojė, vieniša senoji Kairienė, atrodo tokia tikra, lyg būtų perkelta į kūrinį tiesiai iš pačios skaudžiausios to meto kaimo realybės. Su vaikų apleistais senais tėvais, nesibaigiančiu girtuokliavimu, jaunimo dvasiniu skurdu ir kitom sovietinėm piktžaizdėm.' WHERE id = 17;
UPDATE knygos SET aprasymas = 'Lietuvių literatūros klasiko Jono Biliūno apsakymai ir apysaka.

                               Kūriniuose daugiausia keliamos etinės bei psichologinės problemos, jų neatsiejant nuo konkretaus socialinio pagrindo, subtiliai reiškiama humanistinė pasaulėjauta.' WHERE id = 18;
UPDATE knygos SET aprasymas = 'Antanas Vienuolis (tikroji pavardė Žukauskas) – Lietuvos farmacininkas, rašytojas prozininkas, dramaturgas, muziejininkas, visuomenininkas. Puikių legendų, romanų, apysakų, apsakymų, atsiminimų ir dramų autorius. Rašytojas savo kūryboje pasiekė didelio meistriškumo, vaizdavimo ir stiliaus raiškumo.' WHERE id = 19;