INSERT INTO autoriai (id, vardas) VALUES
(1, 'Kristina Sabaliauskaitė'),
(2, 'Ričardas Gavelis'),
(3, 'Jurgis Kunčinas'),
(4, 'Balys Sruoga'),
(5, 'Vincas Mykolaitis-Putinas'),
(6, 'Jurga Ivanauskaitė'),
(7, 'Juozas Baltušis'),
(8, 'Antanas Škėma'),
(9, 'Marius Ivaškevičius'),
(10, 'Gintaras Grajauskas'),
(11, 'Alvydas Šlepikas'),
(12, 'Undinė Radzevičiūtė'),
(13, 'Sigitas Parulskis'),
(14, 'Tomas Venclova'),
(15, 'Romualdas Granauskas'),
(16, 'Andrius Tapinas'),
(17, 'Rimantas Kmita'),
(18, 'Dalia Grinkevičiūtė'),
(19, 'Jonas Biliūnas'),
(20, 'Antanas Vienuolis');

INSERT INTO knygos (id, pavadinimas, autoriai, virselio_adresas, aprasymas, zanrai, metai, leidejas, puslapiu_skaicius, formato_informacija, kalba, kaina)
VALUES
(1, 'Silva Rerum', 'Kristina Sabaliauskaitė', '/images/silva_rerum.jpg', 'Istorinis romanas apie XVII a. Lietuvos bajorų gyvenimą.', 'istorinis, romanas', 2008, 'Baltos lankos', 400, 'kietas viršelis', 'lietuvių', 19.50),
(2, 'Vilniaus pokeris', 'Ričardas Gavelis', '/images/vilniaus_pokeris.jpg', 'Sudėtingas romanas apie sovietinį Vilnių.', 'romanas, psichologinis', 1989, 'Vaga', 500, 'minkštas viršelis', 'lietuvių', 14.20),
(3, 'Tūla', 'Jurgis Kunčinas', '/images/tula.jpg', 'Bohemiška meilės istorija sovietiniame Vilniuje.', 'romanas, meilės', 1993, 'Tyto alba', 200, 'minkštas viršelis', 'lietuvių', 11.00),
(4, 'Dievų miškas', 'Balys Sruoga', '/images/dievu_miskas.jpg', 'Sarkastiški atsiminimai apie koncentracijos stovyklą.', 'atsiminimai, istorinis', 1945, 'Vaga', 300, 'kietas viršelis', 'lietuvių', 12.80),
(5, 'Altorių šešėly', 'Vincas Mykolaitis-Putinas', '/images/altoriu_sesely.jpg', 'Psichologinis romanas apie kunigystės ir kūrybos konfliktą.', 'romanas, psichologinis', 1933, 'Sakalas', 350, 'kietas viršelis', 'lietuvių', 15.99),
(6, 'Ragana ir lietus', 'Jurga Ivanauskaitė', '/images/ragana_lietus.jpg', 'Skandalingas romanas apie moters aistrą.', 'romanas', 1993, 'Vaga', 280, 'minkštas viršelis', 'lietuvių', 10.50),
(7, 'Parduotos vasaros', 'Juozas Baltušis', '/images/parduotos_vasaros.jpg', 'Lietuvos kaimo gyvenimo epas.', 'romanas', 1965, 'Vaga', 220, 'minkštas viršelis', 'lietuvių', 8.90),
(8, 'Balta drobulė', 'Antanas Škėma', '/images/balta_drobule.jpg', 'Egzistencialistinis romanas apie emigrantą Niujorke.', 'romanas, modernizmas', 1958, 'Vaga', 260, 'kietas viršelis', 'lietuvių', 13.40),
(9, 'Žali', 'Marius Ivaškevičius', '/images/zali.jpg', 'Kontroversiškas žvilgsnis į partizaninį karą.', 'istorinis, romanas', 2002, 'LRS leidykla', 450, 'kietas viršelis', 'lietuvių', 16.70),
(10, 'Kaulinė dūdelė', 'Gintaras Grajauskas', '/images/kauline.jpg', 'Ironiška ir meistriška poezija.', 'poezija', 1999, 'LRS leidykla', 110, 'minkštas viršelis', 'lietuvių', 7.50),
(11, 'Mano vardas – Marytė', 'Alvydas Šlepikas', '/images/maryte.jpg', 'Istorija apie vilko vaikus po II pasaulinio karo.', 'istorinis, romanas', 2011, 'LRS leidykla', 180, 'minkštas viršelis', 'lietuvių', 11.30),
(12, 'Baden Badeno nebus', 'Undinė Radzevičiūtė', '/images/baden.jpg', 'Minimalistinis romanas apie santykių absurdą.', 'romanas', 2011, 'Baltos lankos', 150, 'minkštas viršelis', 'lietuvių', 12.00),
(13, 'Trys sekundės dangaus', 'Sigitas Parulskis', '/images/trys_sekundes.jpg', 'Brutalus pasakojimas apie tarnybą sovietų armijoje.', 'romanas', 2002, 'Baltos lankos', 250, 'kietas viršelis', 'lietuvių', 14.50),
(14, 'Vilkų valanda', 'Andrius Tapinas', '/images/vilku_valanda.jpg', 'Steampunk trileris apie magišką Vilnių.', 'fantastika', 2013, 'Alma littera', 500, 'kietas viršelis', 'lietuvių', 18.99),
(15, 'Pietinia kronikas', 'Rimantas Kmita', '/images/pietinia.jpg', 'Romanas apie 90-ųjų Lietuvą Šiaulių šneka.', 'romanas', 2016, 'Tyto alba', 370, 'minkštas viršelis', 'lietuvių', 13.80),
(16, 'Lietuviai prie Laptevų jūros', 'Dalia Grinkevičiūtė', '/images/laptevu_jura.jpg', 'Autentiški atsiminimai apie tremtį į Sibirą.', 'atsiminimai', 1988, 'LRS leidykla', 210, 'minkštas viršelis', 'lietuvių', 9.99),
(17, 'Gyvenimas po klevu', 'Romualdas Granauskas', '/images/po_klevu.jpg', 'Apysaka apie nykstantį Lietuvos kaimą.', 'apysaka', 1988, 'Vaga', 130, 'minkštas viršelis', 'lietuvių', 6.40),
(18, 'Liūdna pasaka', 'Jonas Biliūnas', '/images/liudna_pasaka.jpg', 'Klasikinė apysaka apie 1863 m. sukilimą.', 'klasika', 1907, 'Vaga', 90, 'minkštas viršelis', 'lietuvių', 5.50),
(19, 'Puodžiūnkiemis', 'Antanas Vienuolis', '/images/puodziunkiemis.jpg', 'Socialinis romanas apie kaimo buitį.', 'romanas', 1952, 'Vaga', 320, 'kietas viršelis', 'lietuvių', 10.20),
(20, 'Silva Rerum II', 'Kristina Sabaliauskaitė', '/images/silva_2.jpg', 'Antroji sagos dalis apie marą XVIII a. Vilniuje.', 'istorinis', 2011, 'Baltos lankos', 350, 'kietas viršelis', 'lietuvių', 21.00),
(21, 'Madagaskaras', 'Marius Ivaškevičius', '/images/madagaskaras.jpg', 'Pjesė apie idėją perkelti Lietuvą į Afriką.', 'pjesė', 2004, 'Tyto alba', 160, 'minkštas viršelis', 'lietuvių', 9.20),
(22, 'Žuvys ir drakonai', 'Undinė Radzevičiūtė', '/images/zuvys.jpg', 'Intelektualus romanas apie jėzuitus Kinijoje.', 'romanas', 2013, 'Baltos lankos', 380, 'kietas viršelis', 'lietuvių', 17.50),
(23, 'Mergaitė, kurios bijojo Dievas', 'Gintaras Grajauskas', '/images/mergaite.jpg', 'Absurdo kupina pjesė apie visuomenę.', 'pjesė', 2007, 'LRS leidykla', 120, 'minkštas viršelis', 'lietuvių', 8.40),
(24, 'Sakmė apie Juozą', 'Juozas Baltušis', '/images/juozas.jpg', 'Klasikinis romanas apie kaimo žmogaus likimą.', 'romanas', 1979, 'Vaga', 300, 'kietas viršelis', 'lietuvių', 11.90),
(25, 'Maro diena', 'Andrius Tapinas', '/images/maro_diena.jpg', 'Antroji Steampunk sagos dalis apie galingąjį alchemikų Vilnių.', 'fantastika, trileris', 2015, 'Alma littera', 450, 'kietas viršelis', 'lietuvių', 19.99),
(26, 'Pašnekesys žiemą', 'Tomas Venclova', '/images/pasnekesys.jpg', 'Giliausia intelektualioji poezija apie tremtį, tėvynę ir kultūrinę atmintį.', 'poezija', 1991, 'Baltos lankos', 150, 'kietas viršelis', 'lietuvių', 15.00),
(27, 'Lietaus dievas', 'Alvydas Šlepikas', '/images/lietus.jpg', 'Novelės apie provincijos gyvenimą.', 'novelės', 2005, 'LRS leidykla', 160, 'minkštas viršelis', 'lietuvių', 10.80),
(28, 'Tamsa ir partneriai', 'Sigitas Parulskis', '/images/tamsa.jpg', 'Romanas apie Holokausto temą Lietuvoje.', 'romanas, istorinis', 2012, 'Tyto alba', 260, 'kietas viršelis', 'lietuvių', 14.90),
(29, 'Pakalnučių metai', 'Jurga Ivanauskaitė', '/images/pakalnutes.jpg', 'Debiutinis novelių rinkinys.', 'novelės', 1985, 'Vaga', 200, 'minkštas viršelis', 'lietuvių', 9.50),
(30, 'Jauno žmogaus memuarai', 'Ričardas Gavelis', '/images/jauno.jpg', 'Romanas-laiškai apie sovietinę sistemą.', 'romanas', 1991, 'Vaga', 220, 'minkštas viršelis', 'lietuvių', 13.20);

INSERT INTO knygos_autoriai (knygos_id, autoriaus_id) VALUES
(1,1),(2,2),(3,3),(4,4),(5,5),
(6,6),(7,7),(8,8),(9,9),(10,10),
(11,11),(12,12),(13,13),(14,16),(15,17),
(16,18),(17,15),(18,19),(19,20),(20,1),
(21,9),(22,12),(23,10),(24,7),(25,16),
(26,14),(27,11),(28,13),(29,6),(30,2);